,InvoiceNo,StockCode,Description,Quantity,InvoiceDate,UnitPrice,CustomerID,Country,error_reason
541909,,22138,BAKING SET 9 PIECE RETROSPOT ,3,12/9/2011 12:50,4.95,12680.0,France,"Invalid InvoiceNo (not string, null, or empty)"
0,536365,85123A,WHITE HANGING HEART T-LIGHT HOLDER,l,12/1/2010 8:26,2.55,17850,United Kingdom,Invalid Quantity (not numeric or <= 0)
1,536365,71053,WHITE METAL LANTERN,ppp,12/1/2010 8:26,3.39,17850,United Kingdom,Invalid Quantity (not numeric or <= 0)
2,536365,84406B,CREAM CUPID HEARTS COAT HANGER,8,12/1/2010 8:26,pp,17850,United Kingdom,invalid unit price or < 0
299983,A563186,B,Adjust bad debt,1,8/12/2011 14:51,-11062.06,,United Kingdom,invalid unit price or < 0
299984,A563187,B,Adjust bad debt,1,8/12/2011 14:52,-11062.06,,United Kingdom,invalid unit price or < 0
622,536414,22139,,56,12/1/2010 11:52,0,,United Kingdom,Invalid Description (missing for Quantity > 0)
1970,536545,21134,,1,12/1/2010 14:32,0,,United Kingdom,Invalid Description (missing for Quantity > 0)
1971,536546,22145,,1,12/1/2010 14:33,0,,United Kingdom,Invalid Description (missing for Quantity > 0)
1972,536547,37509,,1,12/1/2010 14:33,0,,United Kingdom,Invalid Description (missing for Quantity > 0)
1987,536549,85226A,,1,12/1/2010 14:34,0,,United Kingdom,Invalid Description (missing for Quantity > 0)
1988,536550,85044,,1,12/1/2010 14:34,0,,United Kingdom,Invalid Description (missing for Quantity > 0)
2024,536552,20950,,1,12/1/2010 14:34,0,,United Kingdom,Invalid Description (missing for Quantity > 0)
2025,536553,37461,,3,12/1/2010 14:35,0,,United Kingdom,Invalid Description (missing for Quantity > 0)
2026,536554,84670,,23,12/1/2010 14:35,0,,United Kingdom,Invalid Description (missing for Quantity > 0)
4348,536765,84952C,,19,12/2/2010 14:43,0,,United Kingdom,Invalid Description (missing for Quantity > 0)
7187,536995,35951,,57,12/3/2010 15:29,0,,United Kingdom,Invalid Description (missing for Quantity > 0)
7191,536999,21421,,110,12/3/2010 15:32,0,,United Kingdom,Invalid Description (missing for Quantity > 0)
7194,537002,21651,,70,12/3/2010 15:33,0,,United Kingdom,Invalid Description (missing for Quantity > 0)
12008,537361,21777,,5,12/6/2010 12:34,0,,United Kingdom,Invalid Description (missing for Quantity > 0)
13263,537430,85215,,120,12/6/2010 16:05,0,,United Kingdom,Invalid Description (missing for Quantity > 0)
13959,537436,84270,,7,12/6/2010 17:00,0,,United Kingdom,Invalid Description (missing for Quantity > 0)
13960,537437,90167,,10,12/6/2010 17:00,0,,United Kingdom,Invalid Description (missing for Quantity > 0)
13961,537438,22959,,13,12/6/2010 17:00,0,,United Kingdom,Invalid Description (missing for Quantity > 0)
13962,537439,37474,,1,12/6/2010 17:01,0,,United Kingdom,Invalid Description (missing for Quantity > 0)
19625,537872,21595,,1,12/8/2010 18:07,0,,United Kingdom,Invalid Description (missing for Quantity > 0)
19626,537873,37461,,1,12/8/2010 18:07,0,,United Kingdom,Invalid Description (missing for Quantity > 0)
19627,537874,85170A,,1,12/8/2010 18:07,0,,United Kingdom,Invalid Description (missing for Quantity > 0)
19628,537875,20849,,1,12/8/2010 18:08,0,,United Kingdom,Invalid Description (missing for Quantity > 0)
19629,537876,84977,,2,12/8/2010 18:08,0,,United Kingdom,Invalid Description (missing for Quantity > 0)
19630,537877,21661,,1,12/8/2010 18:08,0,,United Kingdom,Invalid Description (missing for Quantity > 0)
19631,537878,72803B,,1,12/8/2010 18:09,0,,United Kingdom,Invalid Description (missing for Quantity > 0)
19999,538001,35958,,10,12/9/2010 11:45,0,,United Kingdom,Invalid Description (missing for Quantity > 0)
20037,538004,22114,,144,12/9/2010 12:11,0,,United Kingdom,Invalid Description (missing for Quantity > 0)
20324,538036,21690,,34,12/9/2010 13:04,0,,United Kingdom,Invalid Description (missing for Quantity > 0)
20330,538038,21488,,8,12/9/2010 13:07,0,,United Kingdom,Invalid Description (missing for Quantity > 0)
20331,538039,22139,,7,12/9/2010 13:07,0,,United Kingdom,Invalid Description (missing for Quantity > 0)
20392,538041,22145,,30,12/9/2010 13:09,0,,United Kingdom,Invalid Description (missing for Quantity > 0)
20398,538045,84688,,27,12/9/2010 13:11,0,,United Kingdom,Invalid Description (missing for Quantity > 0)
21777,538128,21357,,46,12/9/2010 15:54,0,,United Kingdom,Invalid Description (missing for Quantity > 0)
21778,538129,84497,,79,12/9/2010 15:55,0,,United Kingdom,Invalid Description (missing for Quantity > 0)
21779,538130,90042C,,10,12/9/2010 15:55,0,,United Kingdom,Invalid Description (missing for Quantity > 0)
21780,538131,17091A,,84,12/9/2010 15:56,0,,United Kingdom,Invalid Description (missing for Quantity > 0)
21781,538132,84773,,3,12/9/2010 15:56,0,,United Kingdom,Invalid Description (missing for Quantity > 0)
21782,538133,85018C,,3,12/9/2010 15:56,0,,United Kingdom,Invalid Description (missing for Quantity > 0)
21783,538134,20878,,2,12/9/2010 15:56,0,,United Kingdom,Invalid Description (missing for Quantity > 0)
21784,538135,21186,,2,12/9/2010 15:56,0,,United Kingdom,Invalid Description (missing for Quantity > 0)
21785,538136,37509,,2,12/9/2010 15:57,0,,United Kingdom,Invalid Description (missing for Quantity > 0)
21786,538137,62095B,,2,12/9/2010 15:57,0,,United Kingdom,Invalid Description (missing for Quantity > 0)
21787,538138,72814,,2,12/9/2010 15:57,0,,United Kingdom,Invalid Description (missing for Quantity > 0)
21788,538139,84802A,,2,12/9/2010 15:57,0,,United Kingdom,Invalid Description (missing for Quantity > 0)
21789,538140,90002D,,9,12/9/2010 15:57,0,,United Kingdom,Invalid Description (missing for Quantity > 0)
21790,538141,22218,,2,12/9/2010 15:58,0,,United Kingdom,Invalid Description (missing for Quantity > 0)
21791,538142,84247C,,1,12/9/2010 15:58,0,,United Kingdom,Invalid Description (missing for Quantity > 0)
21792,538143,84534B,,1,12/9/2010 15:58,0,,United Kingdom,Invalid Description (missing for Quantity > 0)
21793,538144,90042B,,1,12/9/2010 15:58,0,,United Kingdom,Invalid Description (missing for Quantity > 0)
22295,538160,20956,,288,12/9/2010 17:18,0,,United Kingdom,Invalid Description (missing for Quantity > 0)
23804,538249,85084,,25,12/10/2010 12:19,0,,United Kingdom,Invalid Description (missing for Quantity > 0)
25215,538359,35958,,2,12/10/2010 16:29,0,,United Kingdom,Invalid Description (missing for Quantity > 0)
25216,538360,35004P,,1,12/10/2010 16:29,0,,United Kingdom,Invalid Description (missing for Quantity > 0)
30364,538861,22444,,460,12/14/2010 14:04,0,,United Kingdom,Invalid Description (missing for Quantity > 0)
34608,539413,22959,,12,12/17/2010 13:44,0,,United Kingdom,Invalid Description (missing for Quantity > 0)
38262,539495,22591,,36,12/20/2010 10:37,0,,United Kingdom,Invalid Description (missing for Quantity > 0)
38539,539582,71477,,8,12/20/2010 12:53,0,,United Kingdom,Invalid Description (missing for Quantity > 0)
38540,539583,35400,,1,12/20/2010 12:53,0,,United Kingdom,Invalid Description (missing for Quantity > 0)
38541,539584,21491,,1,12/20/2010 12:54,0,,United Kingdom,Invalid Description (missing for Quantity > 0)
38542,539585,21009,,1,12/20/2010 12:54,0,,United Kingdom,Invalid Description (missing for Quantity > 0)
39369,539638,22139,,1,12/20/2010 15:23,0,,United Kingdom,Invalid Description (missing for Quantity > 0)
40947,539749,22734,,30,12/21/2010 15:33,0,,United Kingdom,Invalid Description (missing for Quantity > 0)
42501,539997,84689,,5,1/4/2011 10:15,0,,United Kingdom,Invalid Description (missing for Quantity > 0)
42502,539998,84675,,2,1/4/2011 10:16,0,,United Kingdom,Invalid Description (missing for Quantity > 0)
42565,540011,22501,,30,1/4/2011 11:13,0,,United Kingdom,Invalid Description (missing for Quantity > 0)
42711,540018,90112,,2,1/4/2011 12:07,0,,United Kingdom,Invalid Description (missing for Quantity > 0)
45394,540256,35957,,35,1/5/2011 17:21,0,,United Kingdom,Invalid Description (missing for Quantity > 0)
51760,540676,84534B,,12,1/10/2011 16:05,0,,United Kingdom,Invalid Description (missing for Quantity > 0)
51761,540677,21667,,1,1/10/2011 16:20,0,,United Kingdom,Invalid Description (missing for Quantity > 0)
52214,540693,82605,,1,1/11/2011 9:13,0,,United Kingdom,Invalid Description (missing for Quantity > 0)
52215,540694,71477,,1,1/11/2011 9:13,0,,United Kingdom,Invalid Description (missing for Quantity > 0)
52216,540695,21661,,1,1/11/2011 9:14,0,,United Kingdom,Invalid Description (missing for Quantity > 0)
52217,540696,84562A,,1,1/11/2011 9:14,0,,United Kingdom,Invalid Description (missing for Quantity > 0)
52262,540699,POST,,1000,1/11/2011 9:32,0,,United Kingdom,Invalid Description (missing for Quantity > 0)
55270,540982,22323,,1,1/12/2011 15:35,0,,United Kingdom,Invalid Description (missing for Quantity > 0)
65876,541697,21632,,8,1/20/2011 18:09,0.0,,United Kingdom,Invalid Description (missing for Quantity > 0)
71633,542156,21348,,8,1/26/2011 10:52,0.0,,United Kingdom,Invalid Description (missing for Quantity > 0)
73591,542363,84823,,1,1/27/2011 12:50,0.0,,United Kingdom,Invalid Description (missing for Quantity > 0)
73592,542364,21324,,5,1/27/2011 12:50,0.0,,United Kingdom,Invalid Description (missing for Quantity > 0)
73752,542378,84279B,,192,1/27/2011 13:56,0.0,,United Kingdom,Invalid Description (missing for Quantity > 0)
73934,542394,84452,,65,1/27/2011 15:11,0.0,,United Kingdom,Invalid Description (missing for Quantity > 0)
74614,542504,37413,,5568,1/28/2011 12:03,0.0,,United Kingdom,Invalid Description (missing for Quantity > 0)
74615,542505,79063D,,2560,1/28/2011 12:04,0.0,,United Kingdom,Invalid Description (missing for Quantity > 0)
74642,542507,20798,,5,1/28/2011 12:06,0.0,,United Kingdom,Invalid Description (missing for Quantity > 0)
74643,542508,37467,,136,1/28/2011 12:06,0.0,,United Kingdom,Invalid Description (missing for Quantity > 0)
74644,542509,85049B,,3,1/28/2011 12:07,0.0,,United Kingdom,Invalid Description (missing for Quantity > 0)
74645,542510,21667,,2,1/28/2011 12:07,0.0,,United Kingdom,Invalid Description (missing for Quantity > 0)
74655,542512,22830,,2,1/28/2011 12:07,0.0,,United Kingdom,Invalid Description (missing for Quantity > 0)
74656,542513,75013B,,2,1/28/2011 12:08,0.0,,United Kingdom,Invalid Description (missing for Quantity > 0)
74657,542514,22866,,1,1/28/2011 12:08,0.0,,United Kingdom,Invalid Description (missing for Quantity > 0)
74658,542515,35607A,,1,1/28/2011 12:08,0.0,,United Kingdom,Invalid Description (missing for Quantity > 0)
74659,542516,71477,,4,1/28/2011 12:08,0.0,,United Kingdom,Invalid Description (missing for Quantity > 0)
75221,542545,17165D,,9,1/28/2011 14:44,0.0,,United Kingdom,Invalid Description (missing for Quantity > 0)
77754,542783,21690,,4,2/1/2011 10:02,0.0,,United Kingdom,Invalid Description (missing for Quantity > 0)
77755,542784,84795C,,3,2/1/2011 10:04,0.0,,United Kingdom,Invalid Description (missing for Quantity > 0)
78425,542880,22242,,10,2/1/2011 12:53,0.0,,United Kingdom,Invalid Description (missing for Quantity > 0)
79459,542965,35400,,2,2/2/2011 11:22,0.0,,United Kingdom,Invalid Description (missing for Quantity > 0)
80054,543014,47591B,,1,2/2/2011 13:36,0.0,,United Kingdom,Invalid Description (missing for Quantity > 0)
80659,543049,79063C,,320,2/3/2011 10:09,0.0,,United Kingdom,Invalid Description (missing for Quantity > 0)
80665,543051,79062D,,960,2/3/2011 10:15,0.0,,United Kingdom,Invalid Description (missing for Quantity > 0)
81800,543176,22353,,60,2/4/2011 9:52,0.0,,United Kingdom,Invalid Description (missing for Quantity > 0)
82610,543238,22833,,1,2/4/2011 13:42,0.0,,United Kingdom,Invalid Description (missing for Quantity > 0)
82769,543254,35645,,18,2/4/2011 15:40,0.0,,United Kingdom,Invalid Description (missing for Quantity > 0)
82795,543258,84611B,,1287,2/4/2011 16:06,0.0,,United Kingdom,Invalid Description (missing for Quantity > 0)
82829,543267,35645,,3,2/4/2011 17:24,0.0,,United Kingdom,Invalid Description (missing for Quantity > 0)
82830,543268,84306,,3,2/4/2011 17:24,0.0,,United Kingdom,Invalid Description (missing for Quantity > 0)
84374,543386,16207B,,4,2/8/2011 9:22,0.0,,United Kingdom,Invalid Description (missing for Quantity > 0)
84982,543453,21429,,1,2/8/2011 12:15,0.0,,United Kingdom,Invalid Description (missing for Quantity > 0)
85486,543471,85150,,118,2/8/2011 15:00,0.0,,United Kingdom,Invalid Description (missing for Quantity > 0)
85487,543472,22451,,1,2/8/2011 15:01,0.0,,United Kingdom,Invalid Description (missing for Quantity > 0)
85488,543473,21661,,1,2/8/2011 15:01,0.0,,United Kingdom,Invalid Description (missing for Quantity > 0)
88201,543781,21655,,19,2/11/2011 16:36,0.0,,United Kingdom,Invalid Description (missing for Quantity > 0)
88202,543782,85232B,,6,2/11/2011 16:36,0.0,,United Kingdom,Invalid Description (missing for Quantity > 0)
90858,544072,22837,,26,2/15/2011 14:32,0.0,,United Kingdom,Invalid Description (missing for Quantity > 0)
93925,544321,16033,,120,2/17/2011 15:42,0.0,,United Kingdom,Invalid Description (missing for Quantity > 0)
94302,544344,22865,,51,2/18/2011 9:47,0.0,,United Kingdom,Invalid Description (missing for Quantity > 0)
94303,544345,22866,,1,2/18/2011 9:49,0.0,,United Kingdom,Invalid Description (missing for Quantity > 0)
94306,544348,84029E,,13,2/18/2011 9:52,0.0,,United Kingdom,Invalid Description (missing for Quantity > 0)
108588,545551,15058A,,20,3/3/2011 15:11,0.0,,United Kingdom,Invalid Description (missing for Quantity > 0)
108590,545553,84459B,,16,3/3/2011 15:12,0.0,,United Kingdom,Invalid Description (missing for Quantity > 0)
109530,545651,21973,,140,3/4/2011 13:14,0.0,,United Kingdom,Invalid Description (missing for Quantity > 0)
109929,545666,37468,,67,3/4/2011 15:33,0.0,,United Kingdom,Invalid Description (missing for Quantity > 0)
114541,546026,90200C,,4,3/8/2011 17:43,0.0,,United Kingdom,Invalid Description (missing for Quantity > 0)
114789,546085,84535A,,144,3/9/2011 11:32,0.0,,United Kingdom,Invalid Description (missing for Quantity > 0)
115261,546114,84247K,,47,3/9/2011 13:47,0.0,,United Kingdom,Invalid Description (missing for Quantity > 0)
115809,546141,79302M,,73,3/9/2011 16:36,0.0,,United Kingdom,Invalid Description (missing for Quantity > 0)
116357,546240,85045,,20,3/10/2011 13:00,0.0,,United Kingdom,Invalid Description (missing for Quantity > 0)
116405,546244,21484,,219,3/10/2011 13:24,0.0,,United Kingdom,Invalid Description (missing for Quantity > 0)
116919,546307,84029G,,280,3/10/2011 16:22,0.0,,United Kingdom,Invalid Description (missing for Quantity > 0)
116920,546308,21555,,232,3/10/2011 16:23,0.0,,United Kingdom,Invalid Description (missing for Quantity > 0)
116921,546309,85185B,,180,3/10/2011 16:24,0.0,,United Kingdom,Invalid Description (missing for Quantity > 0)
117254,546375,85096,,48,3/11/2011 12:07,0.0,,United Kingdom,Invalid Description (missing for Quantity > 0)
120605,546666,79321,,72,3/15/2011 15:14,0.0,,United Kingdom,Invalid Description (missing for Quantity > 0)
120763,546673,23348,,48,3/15/2011 16:11,0.0,,United Kingdom,Invalid Description (missing for Quantity > 0)
128445,547328,22272,,45,3/22/2011 11:37,0.0,,United Kingdom,Invalid Description (missing for Quantity > 0)
128474,547343,77101A,,4,3/22/2011 11:54,0.0,,United Kingdom,Invalid Description (missing for Quantity > 0)
128477,547344,22838,,5,3/22/2011 11:55,0.0,,United Kingdom,Invalid Description (missing for Quantity > 0)
128481,547348,85206A,,4,3/22/2011 11:57,0.0,,United Kingdom,Invalid Description (missing for Quantity > 0)
129791,547394,71477,,1,3/22/2011 16:38,0.0,,United Kingdom,Invalid Description (missing for Quantity > 0)
129792,547395,84977,,1,3/22/2011 16:38,0.0,,United Kingdom,Invalid Description (missing for Quantity > 0)
130078,547402,85028L,,12,3/22/2011 17:04,0.0,,United Kingdom,Invalid Description (missing for Quantity > 0)
130080,547404,85028S,,24,3/22/2011 17:05,0.0,,United Kingdom,Invalid Description (missing for Quantity > 0)
130944,547522,21717,,5,3/23/2011 15:02,0.0,,United Kingdom,Invalid Description (missing for Quantity > 0)
130945,547523,85197,,5,3/23/2011 15:03,0.0,,United Kingdom,Invalid Description (missing for Quantity > 0)
130946,547524,22451,,4,3/23/2011 15:03,0.0,,United Kingdom,Invalid Description (missing for Quantity > 0)
130947,547525,21258,,3,3/23/2011 15:04,0.0,,United Kingdom,Invalid Description (missing for Quantity > 0)
130948,547526,22627,,3,3/23/2011 15:04,0.0,,United Kingdom,Invalid Description (missing for Quantity > 0)
130949,547527,21826,,2,3/23/2011 15:04,0.0,,United Kingdom,Invalid Description (missing for Quantity > 0)
130950,547528,84840,,2,3/23/2011 15:05,0.0,,United Kingdom,Invalid Description (missing for Quantity > 0)
130951,547529,21841,,1,3/23/2011 15:05,0.0,,United Kingdom,Invalid Description (missing for Quantity > 0)
130952,547530,22764,,3,3/23/2011 15:05,0.0,,United Kingdom,Invalid Description (missing for Quantity > 0)
130953,547531,82605,,1,3/23/2011 15:06,0.0,,United Kingdom,Invalid Description (missing for Quantity > 0)
130954,547532,84227,,1,3/23/2011 15:06,0.0,,United Kingdom,Invalid Description (missing for Quantity > 0)
130955,547533,84968B,,2,3/23/2011 15:06,0.0,,United Kingdom,Invalid Description (missing for Quantity > 0)
130956,547534,90084,,1,3/23/2011 15:06,0.0,,United Kingdom,Invalid Description (missing for Quantity > 0)
130967,547536,90005A,,1,3/23/2011 15:07,0.0,,United Kingdom,Invalid Description (missing for Quantity > 0)
131391,547557,22866,,2,3/23/2011 16:53,0.0,,United Kingdom,Invalid Description (missing for Quantity > 0)
131604,547575,85025C,,144,3/24/2011 10:18,0.0,,United Kingdom,Invalid Description (missing for Quantity > 0)
131740,547626,20973,,60,3/24/2011 11:30,0.0,,United Kingdom,Invalid Description (missing for Quantity > 0)
132792,547696,35809B,,12,3/24/2011 16:07,0.0,,United Kingdom,Invalid Description (missing for Quantity > 0)
133993,547813,84840,,1,3/25/2011 14:11,0.0,,United Kingdom,Invalid Description (missing for Quantity > 0)
134134,547827,22444,,82,3/25/2011 15:10,0.0,,United Kingdom,Invalid Description (missing for Quantity > 0)
135863,547917,21898,,6,3/28/2011 12:46,0.0,,United Kingdom,Invalid Description (missing for Quantity > 0)
136089,547927,37444C,,5,3/28/2011 13:59,0.0,,United Kingdom,Invalid Description (missing for Quantity > 0)
136090,547928,37444B,,1,3/28/2011 14:00,0.0,,United Kingdom,Invalid Description (missing for Quantity > 0)
136091,547929,21393,,3,3/28/2011 14:00,0.0,,United Kingdom,Invalid Description (missing for Quantity > 0)
136094,547932,85197,,24,3/28/2011 14:01,0.0,,United Kingdom,Invalid Description (missing for Quantity > 0)
136095,547933,21445,,1,3/28/2011 14:02,0.0,,United Kingdom,Invalid Description (missing for Quantity > 0)
136224,547943,21357,,1,3/28/2011 14:58,0.0,,United Kingdom,Invalid Description (missing for Quantity > 0)
136267,547948,71038,,167,3/28/2011 15:06,0.0,,United Kingdom,Invalid Description (missing for Quantity > 0)
136272,547957,20713,,32,3/28/2011 15:16,0.0,,United Kingdom,Invalid Description (missing for Quantity > 0)
136274,547959,20713,,23,3/28/2011 15:19,0.0,,United Kingdom,Invalid Description (missing for Quantity > 0)
136537,547966,DOT,,1000,3/28/2011 15:49,0.0,,United Kingdom,Invalid Description (missing for Quantity > 0)
136885,548001,22451,,11,3/29/2011 10:26,0.0,,United Kingdom,Invalid Description (missing for Quantity > 0)
137450,548161,20734,,2,3/29/2011 13:40,0.0,,United Kingdom,Invalid Description (missing for Quantity > 0)
138455,548195,79321,,27,3/29/2011 15:36,0.0,,United Kingdom,Invalid Description (missing for Quantity > 0)
138693,548205,21614,,48,3/29/2011 16:51,0.0,,United Kingdom,Invalid Description (missing for Quantity > 0)
138695,548207,20713,,25,3/29/2011 17:11,0.0,,United Kingdom,Invalid Description (missing for Quantity > 0)
138902,548220,79321,,14,3/30/2011 9:47,0.0,,United Kingdom,Invalid Description (missing for Quantity > 0)
138903,548221,85049B,,1,3/30/2011 9:47,0.0,,United Kingdom,Invalid Description (missing for Quantity > 0)
138908,548224,47593A,,2,3/30/2011 10:23,0.0,,United Kingdom,Invalid Description (missing for Quantity > 0)
139060,548261,90104,,2,3/30/2011 11:19,0.0,,United Kingdom,Invalid Description (missing for Quantity > 0)
139083,548286,10002,,180,3/30/2011 11:47,0.0,,United Kingdom,Invalid Description (missing for Quantity > 0)
139906,548364,21095,,53,3/30/2011 15:49,0.0,,United Kingdom,Invalid Description (missing for Quantity > 0)
140198,548379,20702,,11,3/30/2011 16:41,0.0,,United Kingdom,Invalid Description (missing for Quantity > 0)
140202,548383,84906,,5,3/30/2011 16:46,0.0,,United Kingdom,Invalid Description (missing for Quantity > 0)
140286,548399,15030,,150,3/30/2011 17:25,0.0,,United Kingdom,Invalid Description (missing for Quantity > 0)
142003,548535,90010A,,25,3/31/2011 17:33,0.0,,United Kingdom,Invalid Description (missing for Quantity > 0)
142006,548538,90082B,,3,3/31/2011 17:36,0.0,,United Kingdom,Invalid Description (missing for Quantity > 0)
142007,548539,90005A,,2,3/31/2011 17:37,0.0,,United Kingdom,Invalid Description (missing for Quantity > 0)
142772,548637,84596E,,5,4/1/2011 12:32,0.0,,United Kingdom,Invalid Description (missing for Quantity > 0)
142773,548638,21258,,4,4/1/2011 12:34,0.0,,United Kingdom,Invalid Description (missing for Quantity > 0)
142774,548639,22627,,1,4/1/2011 12:34,0.0,,United Kingdom,Invalid Description (missing for Quantity > 0)
143307,548681,72800D,,3,4/1/2011 16:43,0.0,,United Kingdom,Invalid Description (missing for Quantity > 0)
143309,548683,72801G,,47,4/1/2011 16:45,0.0,,United Kingdom,Invalid Description (missing for Quantity > 0)
143343,548694,22720,,10,4/1/2011 17:28,0.0,,United Kingdom,Invalid Description (missing for Quantity > 0)
146597,548997,84507B,,20,4/5/2011 14:33,0.0,,United Kingdom,Invalid Description (missing for Quantity > 0)
146598,548998,84741C,,8,4/5/2011 14:34,0.0,,United Kingdom,Invalid Description (missing for Quantity > 0)
146602,549002,21278,,17,4/5/2011 14:36,0.0,,United Kingdom,Invalid Description (missing for Quantity > 0)
146603,549003,21279,,14,4/5/2011 14:36,0.0,,United Kingdom,Invalid Description (missing for Quantity > 0)
146983,549034,16248B,,2,4/5/2011 17:08,0.0,,United Kingdom,Invalid Description (missing for Quantity > 0)
147333,549103,82494L,,167,4/6/2011 11:39,0.0,,United Kingdom,Invalid Description (missing for Quantity > 0)
147790,549135,20760,,31,4/6/2011 15:23,0.0,,United Kingdom,Invalid Description (missing for Quantity > 0)
147793,549138,22988,,12,4/6/2011 15:25,0.0,,United Kingdom,Invalid Description (missing for Quantity > 0)
147795,549140,35819B,,7,4/6/2011 15:26,0.0,,United Kingdom,Invalid Description (missing for Quantity > 0)
147796,549141,35819B,,70,4/6/2011 15:26,0.0,,United Kingdom,Invalid Description (missing for Quantity > 0)
147800,549145,21421,,26,4/6/2011 15:28,0.0,,United Kingdom,Invalid Description (missing for Quantity > 0)
147828,549151,21664,,20,4/6/2011 15:33,0.0,,United Kingdom,Invalid Description (missing for Quantity > 0)
148088,549163,84247L,,8,4/6/2011 17:18,0.0,,United Kingdom,Invalid Description (missing for Quantity > 0)
148091,549166,44265,,3,4/6/2011 17:21,0.0,,United Kingdom,Invalid Description (missing for Quantity > 0)
148113,549177,20821,,9,4/6/2011 17:32,0.0,,United Kingdom,Invalid Description (missing for Quantity > 0)
150145,549327,84912A,,70,4/8/2011 10:46,0.0,,United Kingdom,Invalid Description (missing for Quantity > 0)
150155,549345,20748,,12,4/8/2011 11:10,0.0,,United Kingdom,Invalid Description (missing for Quantity > 0)
150157,549347,35914,,10,4/8/2011 11:11,0.0,,United Kingdom,Invalid Description (missing for Quantity > 0)
150242,549376,17014A,,11,4/8/2011 11:29,0.0,,United Kingdom,Invalid Description (missing for Quantity > 0)
150592,549453,84857C,,24,4/8/2011 14:18,0.0,,United Kingdom,Invalid Description (missing for Quantity > 0)
150593,549454,84858C,,46,4/8/2011 14:18,0.0,,United Kingdom,Invalid Description (missing for Quantity > 0)
150598,549459,62043B,,7,4/8/2011 14:20,0.0,,United Kingdom,Invalid Description (missing for Quantity > 0)
150620,549489,85146,,8,4/8/2011 15:05,0.0,,United Kingdom,Invalid Description (missing for Quantity > 0)
150621,549492,21736,,5,4/8/2011 15:06,0.0,,United Kingdom,Invalid Description (missing for Quantity > 0)
150622,549494,22168,,6,4/8/2011 15:06,0.0,,United Kingdom,Invalid Description (missing for Quantity > 0)
150623,549497,21527,,3,4/8/2011 15:06,0.0,,United Kingdom,Invalid Description (missing for Quantity > 0)
150624,549498,22847,,1,4/8/2011 15:06,0.0,,United Kingdom,Invalid Description (missing for Quantity > 0)
150625,549500,79321,,1,4/8/2011 15:06,0.0,,United Kingdom,Invalid Description (missing for Quantity > 0)
150626,549502,84459B,,1,4/8/2011 15:07,0.0,,United Kingdom,Invalid Description (missing for Quantity > 0)
162503,550501,35915C,,30,4/18/2011 15:28,0.0,,United Kingdom,Invalid Description (missing for Quantity > 0)
162504,550502,84535A,,320,4/18/2011 15:29,0.0,,United Kingdom,Invalid Description (missing for Quantity > 0)
165036,550761,84388,,6,4/20/2011 12:10,0.0,,United Kingdom,Invalid Description (missing for Quantity > 0)
165565,550815,85027L,,8,4/20/2011 16:42,0.0,,United Kingdom,Invalid Description (missing for Quantity > 0)
166508,550926,22469,,8,4/21/2011 14:39,0.0,,United Kingdom,Invalid Description (missing for Quantity > 0)
166509,550927,84990,,1,4/21/2011 14:40,0.0,,United Kingdom,Invalid Description (missing for Quantity > 0)
166510,550928,22867,,3,4/21/2011 14:41,0.0,,United Kingdom,Invalid Description (missing for Quantity > 0)
166511,550929,22470,,2,4/21/2011 14:41,0.0,,United Kingdom,Invalid Description (missing for Quantity > 0)
166512,550930,22988,,2,4/21/2011 14:41,0.0,,United Kingdom,Invalid Description (missing for Quantity > 0)
167118,550975,20941,,20,4/21/2011 17:28,0.0,,United Kingdom,Invalid Description (missing for Quantity > 0)
167119,550976,84921,,6,4/21/2011 17:28,0.0,,United Kingdom,Invalid Description (missing for Quantity > 0)
167120,550977,85200,,6,4/21/2011 17:29,0.0,,United Kingdom,Invalid Description (missing for Quantity > 0)
167139,550979,85145,,9,4/21/2011 17:31,0.0,,United Kingdom,Invalid Description (missing for Quantity > 0)
167140,550980,21445,,1,4/21/2011 17:31,0.0,,United Kingdom,Invalid Description (missing for Quantity > 0)
167141,550981,21911,,1,4/21/2011 17:32,0.0,,United Kingdom,Invalid Description (missing for Quantity > 0)
167142,550982,22632,,5,4/21/2011 17:33,0.0,,United Kingdom,Invalid Description (missing for Quantity > 0)
167143,550983,22866,,4,4/21/2011 17:34,0.0,,United Kingdom,Invalid Description (missing for Quantity > 0)
167144,550984,85008,,1,4/21/2011 17:35,0.0,,United Kingdom,Invalid Description (missing for Quantity > 0)
167145,550985,22777,,4,4/21/2011 17:40,0.0,,United Kingdom,Invalid Description (missing for Quantity > 0)
168664,551126,82483,,18,4/26/2011 12:47,0.0,,United Kingdom,Invalid Description (missing for Quantity > 0)
170532,551318,21898,,60,4/27/2011 15:25,0.0,,United Kingdom,Invalid Description (missing for Quantity > 0)
170533,551319,22459,,65,4/27/2011 15:25,0.0,,United Kingdom,Invalid Description (missing for Quantity > 0)
170534,551320,21897,,60,4/27/2011 15:25,0.0,,United Kingdom,Invalid Description (missing for Quantity > 0)
170535,551321,22719,,36,4/27/2011 15:26,0.0,,United Kingdom,Invalid Description (missing for Quantity > 0)
170536,551322,85099F,,101,4/27/2011 15:28,0.0,,United Kingdom,Invalid Description (missing for Quantity > 0)
171180,551394,16015,,400,4/28/2011 12:37,0.0,,United Kingdom,Invalid Description (missing for Quantity > 0)
171732,551458,22451,,3,4/28/2011 16:04,0.0,,United Kingdom,Invalid Description (missing for Quantity > 0)
171734,551460,22173,,27,4/28/2011 16:05,0.0,,United Kingdom,Invalid Description (missing for Quantity > 0)
172866,551567,21269,,13,5/3/2011 11:12,0.0,,United Kingdom,Invalid Description (missing for Quantity > 0)
172880,551581,84873A,,5,5/3/2011 11:20,0.0,,United Kingdom,Invalid Description (missing for Quantity > 0)
173266,551667,84539,,6,5/3/2011 12:36,0.0,,United Kingdom,Invalid Description (missing for Quantity > 0)
173268,551669,21355,,90,5/3/2011 12:38,0.0,,United Kingdom,Invalid Description (missing for Quantity > 0)
173327,551691,18098C,,10,5/3/2011 13:36,0.0,,United Kingdom,Invalid Description (missing for Quantity > 0)
173328,551692,84685,,14,5/3/2011 13:36,0.0,,United Kingdom,Invalid Description (missing for Quantity > 0)
173351,551694,47589,,2,5/3/2011 13:36,0.0,,United Kingdom,Invalid Description (missing for Quantity > 0)
175253,551900,20778,,2,5/5/2011 10:45,0.0,,United Kingdom,Invalid Description (missing for Quantity > 0)
175519,551964,20851,,1,5/5/2011 13:13,0.0,,United Kingdom,Invalid Description (missing for Quantity > 0)
175520,551965,21429,,1,5/5/2011 13:13,0.0,,United Kingdom,Invalid Description (missing for Quantity > 0)
178014,552220,22202,,1,5/6/2011 15:20,0.0,,United Kingdom,Invalid Description (missing for Quantity > 0)
178021,552227,84596J,,70,5/6/2011 15:27,0.0,,United Kingdom,Invalid Description (missing for Quantity > 0)
182200,552527,20964,,2,5/9/2011 16:48,0.0,,United Kingdom,Invalid Description (missing for Quantity > 0)
189766,553163,22726,,1,5/13/2011 16:10,0.0,,United Kingdom,Invalid Description (missing for Quantity > 0)
191313,553349,22719,,1,5/16/2011 13:31,0.0,,United Kingdom,Invalid Description (missing for Quantity > 0)
192805,553480,21143,,24,5/17/2011 11:51,0.0,,United Kingdom,Invalid Description (missing for Quantity > 0)
195080,553688,22078,,4,5/18/2011 14:05,0.0,,United Kingdom,Invalid Description (missing for Quantity > 0)
195337,553716,37444A,,3,5/18/2011 16:07,0.0,,United Kingdom,Invalid Description (missing for Quantity > 0)
195338,553717,22087,,2,5/18/2011 16:07,0.0,,United Kingdom,Invalid Description (missing for Quantity > 0)
195613,553728,21324,,2,5/18/2011 17:17,0.0,,United Kingdom,Invalid Description (missing for Quantity > 0)
195614,553729,82599,,2,5/18/2011 17:17,0.0,,United Kingdom,Invalid Description (missing for Quantity > 0)
195795,553745,84760S,,2,5/19/2011 9:46,0.0,,United Kingdom,Invalid Description (missing for Quantity > 0)
195796,553746,84990,,1,5/19/2011 9:46,0.0,,United Kingdom,Invalid Description (missing for Quantity > 0)
196120,553769,23444,,200,5/19/2011 10:48,0.0,,United Kingdom,Invalid Description (missing for Quantity > 0)
198244,554022,20886,,10,5/20/2011 13:19,0.0,,United Kingdom,Invalid Description (missing for Quantity > 0)
200594,554148,20966,,1,5/23/2011 10:53,0.0,,United Kingdom,Invalid Description (missing for Quantity > 0)
200595,554149,85185D,,1,5/23/2011 10:53,0.0,,United Kingdom,Invalid Description (missing for Quantity > 0)
201076,554267,84313C,,6,5/23/2011 12:56,0.0,,United Kingdom,Invalid Description (missing for Quantity > 0)
202022,554352,22720,,4,5/24/2011 8:57,0.0,,United Kingdom,Invalid Description (missing for Quantity > 0)
202328,554377,79164,,47,5/24/2011 11:34,0.0,,United Kingdom,Invalid Description (missing for Quantity > 0)
202329,554378,20975,,3,5/24/2011 11:35,0.0,,United Kingdom,Invalid Description (missing for Quantity > 0)
204012,554627,84746,,67,5/25/2011 11:26,0.0,,United Kingdom,Invalid Description (missing for Quantity > 0)
204116,554634,85214,,64,5/25/2011 11:44,0.0,,United Kingdom,Invalid Description (missing for Quantity > 0)
204590,554673,35653,,24,5/25/2011 16:01,0.0,,United Kingdom,Invalid Description (missing for Quantity > 0)
204600,554677,20664,,9,5/25/2011 16:03,0.0,,United Kingdom,Invalid Description (missing for Quantity > 0)
204945,554696,85016,,5,5/25/2011 17:14,0.0,,United Kingdom,Invalid Description (missing for Quantity > 0)
205712,554828,16049,,74,5/26/2011 15:21,0.0,,United Kingdom,Invalid Description (missing for Quantity > 0)
205713,554829,20801,,6,5/26/2011 15:22,0.0,,United Kingdom,Invalid Description (missing for Quantity > 0)
205714,554830,21904,,3,5/26/2011 15:22,0.0,,United Kingdom,Invalid Description (missing for Quantity > 0)
205715,554831,84906,,2,5/26/2011 15:22,0.0,,United Kingdom,Invalid Description (missing for Quantity > 0)
205991,554857,POST,,800,5/27/2011 10:08,0.0,,United Kingdom,Invalid Description (missing for Quantity > 0)
206999,554962,84691,,2,5/27/2011 15:24,0.0,,United Kingdom,Invalid Description (missing for Quantity > 0)
211592,555390,22501,,50,6/2/2011 16:29,0.0,,United Kingdom,Invalid Description (missing for Quantity > 0)
211997,555402,22501,,10,6/2/2011 17:55,0.0,,United Kingdom,Invalid Description (missing for Quantity > 0)
212266,555469,84917,,1,6/3/2011 11:11,0.0,,United Kingdom,Invalid Description (missing for Quantity > 0)
220285,556180,22502,,40,6/9/2011 11:29,0.0,,United Kingdom,Invalid Description (missing for Quantity > 0)
220571,556200,84796B,,17,6/9/2011 12:42,0.0,,United Kingdom,Invalid Description (missing for Quantity > 0)
221919,556291,79164,,2,6/10/2011 9:24,0.0,,United Kingdom,Invalid Description (missing for Quantity > 0)
222060,556326,20731,,10,6/10/2011 11:21,0.0,,United Kingdom,Invalid Description (missing for Quantity > 0)
222062,556328,21027,,47,6/10/2011 11:23,0.0,,United Kingdom,Invalid Description (missing for Quantity > 0)
222347,556418,47021G,,288,6/10/2011 12:26,0.0,,United Kingdom,Invalid Description (missing for Quantity > 0)
222505,556430,22968,,19,6/10/2011 13:24,0.0,,United Kingdom,Invalid Description (missing for Quantity > 0)
222615,556438,37479B,,8,6/10/2011 14:36,0.0,,United Kingdom,Invalid Description (missing for Quantity > 0)
228606,556933,22783,,2,6/15/2011 15:42,0.0,,United Kingdom,Invalid Description (missing for Quantity > 0)
228607,556934,37479B,,1,6/15/2011 15:43,0.0,,United Kingdom,Invalid Description (missing for Quantity > 0)
228735,556945,21614,,3,6/15/2011 16:55,0.0,,United Kingdom,Invalid Description (missing for Quantity > 0)
228736,556946,37444A,,2,6/15/2011 16:55,0.0,,United Kingdom,Invalid Description (missing for Quantity > 0)
228737,556947,22444,,1,6/15/2011 16:55,0.0,,United Kingdom,Invalid Description (missing for Quantity > 0)
228738,556948,90104,,1,6/15/2011 16:56,0.0,,United Kingdom,Invalid Description (missing for Quantity > 0)
228739,556949,85185D,,1,6/15/2011 16:56,0.0,,United Kingdom,Invalid Description (missing for Quantity > 0)
228740,556950,84548,,1,6/15/2011 16:56,0.0,,United Kingdom,Invalid Description (missing for Quantity > 0)
228741,556951,20975,,2,6/15/2011 16:57,0.0,,United Kingdom,Invalid Description (missing for Quantity > 0)
228742,556952,21784,,1,6/15/2011 16:57,0.0,,United Kingdom,Invalid Description (missing for Quantity > 0)
228878,556962,35965,,12,6/16/2011 9:40,0.0,,United Kingdom,Invalid Description (missing for Quantity > 0)
230349,557137,85141,,3,6/17/2011 9:32,0.0,,United Kingdom,Invalid Description (missing for Quantity > 0)
230350,557138,21095,,2,6/17/2011 9:33,0.0,,United Kingdom,Invalid Description (missing for Quantity > 0)
230351,557139,35965,,2,6/17/2011 9:34,0.0,,United Kingdom,Invalid Description (missing for Quantity > 0)
233032,557412,35965,,5,6/20/2011 11:38,0.0,,United Kingdom,Invalid Description (missing for Quantity > 0)
233053,557415,21937,,12,6/20/2011 11:48,0.0,,United Kingdom,Invalid Description (missing for Quantity > 0)
233769,557486,22084,,44,6/20/2011 14:42,0.0,,United Kingdom,Invalid Description (missing for Quantity > 0)
233802,557491,85213,,66,6/20/2011 15:08,0.0,,United Kingdom,Invalid Description (missing for Quantity > 0)
234868,557613,21841,,80,6/21/2011 13:12,0.0,,United Kingdom,Invalid Description (missing for Quantity > 0)
237249,557847,84387A,,11,6/23/2011 10:49,0.0,,United Kingdom,Invalid Description (missing for Quantity > 0)
242055,558305,21027,,7,6/28/2011 10:59,0.0,,United Kingdom,Invalid Description (missing for Quantity > 0)
242437,558342,20731,,1,6/28/2011 14:36,0.0,,United Kingdom,Invalid Description (missing for Quantity > 0)
242438,558343,84709B,,6,6/28/2011 14:44,0.0,,United Kingdom,Invalid Description (missing for Quantity > 0)
242439,558344,47013C,,4,6/28/2011 14:44,0.0,,United Kingdom,Invalid Description (missing for Quantity > 0)
242440,558345,21784,,6,6/28/2011 14:45,0.0,,United Kingdom,Invalid Description (missing for Quantity > 0)
242441,558346,35965,,3,6/28/2011 14:45,0.0,,United Kingdom,Invalid Description (missing for Quantity > 0)
243344,558450,21145,,40,6/29/2011 13:41,0.0,,United Kingdom,Invalid Description (missing for Quantity > 0)
246042,558663,23574,,100,7/1/2011 10:44,0.0,,United Kingdom,Invalid Description (missing for Quantity > 0)
246773,558724,35966,,14,7/1/2011 14:30,0.0,,United Kingdom,Invalid Description (missing for Quantity > 0)
249243,558889,84857B,,24,7/4/2011 15:32,0.0,,United Kingdom,Invalid Description (missing for Quantity > 0)
249783,558913,84548,,11,7/5/2011 9:32,0.0,,United Kingdom,Invalid Description (missing for Quantity > 0)
249784,558914,84686,,11,7/5/2011 9:32,0.0,,United Kingdom,Invalid Description (missing for Quantity > 0)
249785,558915,20716,,4,7/5/2011 9:33,0.0,,United Kingdom,Invalid Description (missing for Quantity > 0)
250532,559037,82583,,10,7/5/2011 15:29,0.0,,United Kingdom,Invalid Description (missing for Quantity > 0)
252961,559147,84944,,147,7/6/2011 14:32,0.0,,United Kingdom,Invalid Description (missing for Quantity > 0)
255903,559377,23283,,17,7/8/2011 10:39,0.0,,United Kingdom,Invalid Description (missing for Quantity > 0)
256648,559503,21763,,1,7/8/2011 15:06,0.0,,United Kingdom,Invalid Description (missing for Quantity > 0)
258273,559602,84686,,23,7/11/2011 11:26,0.0,,United Kingdom,Invalid Description (missing for Quantity > 0)
258274,559603,79337,,1,7/11/2011 11:27,0.0,,United Kingdom,Invalid Description (missing for Quantity > 0)
258275,559604,22084,,3,7/11/2011 11:27,0.0,,United Kingdom,Invalid Description (missing for Quantity > 0)
261321,559825,21067,,23,7/12/2011 17:41,0.0,,United Kingdom,Invalid Description (missing for Quantity > 0)
263189,559946,21578,,200,7/14/2011 10:26,0.0,,United Kingdom,Invalid Description (missing for Quantity > 0)
264740,560116,22084,,15,7/15/2011 10:09,0.0,,United Kingdom,Invalid Description (missing for Quantity > 0)
265296,560216,16162L,,30,7/15/2011 15:11,0.0,,United Kingdom,Invalid Description (missing for Quantity > 0)
268139,560388,21635,,1,7/18/2011 13:12,0.0,,United Kingdom,Invalid Description (missing for Quantity > 0)
268140,560389,37444A,,1,7/18/2011 13:13,0.0,,United Kingdom,Invalid Description (missing for Quantity > 0)
268299,560399,82583,,17,7/18/2011 14:18,0.0,,United Kingdom,Invalid Description (missing for Quantity > 0)
268300,560400,21069,,6,7/18/2011 14:19,0.0,,United Kingdom,Invalid Description (missing for Quantity > 0)
268301,560401,84925F,,15,7/18/2011 14:19,0.0,,United Kingdom,Invalid Description (missing for Quantity > 0)
268302,560402,21067,,2,7/18/2011 14:19,0.0,,United Kingdom,Invalid Description (missing for Quantity > 0)
268303,560403,21272,,17,7/18/2011 14:19,0.0,,United Kingdom,Invalid Description (missing for Quantity > 0)
268304,560404,21472,,1,7/18/2011 14:20,0.0,,United Kingdom,Invalid Description (missing for Quantity > 0)
268305,560405,22080,,1,7/18/2011 14:20,0.0,,United Kingdom,Invalid Description (missing for Quantity > 0)
268306,560406,22088,,1,7/18/2011 14:21,0.0,,United Kingdom,Invalid Description (missing for Quantity > 0)
268307,560407,35653,,9,7/18/2011 14:21,0.0,,United Kingdom,Invalid Description (missing for Quantity > 0)
268475,560429,85086A,,6,7/18/2011 15:17,0.0,,United Kingdom,Invalid Description (missing for Quantity > 0)
270602,560578,22034,,12,7/19/2011 15:12,0.0,,United Kingdom,Invalid Description (missing for Quantity > 0)
273296,560819,21686,,2,7/21/2011 10:53,0.0,,United Kingdom,Invalid Description (missing for Quantity > 0)
273747,560857,35819P,,108,7/21/2011 13:21,0.0,,United Kingdom,Invalid Description (missing for Quantity > 0)
274178,560889,84789,,1,7/21/2011 16:42,0.0,,United Kingdom,Invalid Description (missing for Quantity > 0)
274179,560890,84402B,,1,7/21/2011 16:43,0.0,,United Kingdom,Invalid Description (missing for Quantity > 0)
275365,560986,23084,,24,7/22/2011 13:03,0.0,,United Kingdom,Invalid Description (missing for Quantity > 0)
279310,561271,10080,,170,7/26/2011 12:18,0.0,,United Kingdom,Invalid Description (missing for Quantity > 0)
279318,561282,21868,,13,7/26/2011 12:24,0.0,,United Kingdom,Invalid Description (missing for Quantity > 0)
279446,561323,81952B,,11,7/26/2011 13:03,0.0,,United Kingdom,Invalid Description (missing for Quantity > 0)
279511,561327,85213,,36,7/26/2011 13:54,0.0,,United Kingdom,Invalid Description (missing for Quantity > 0)
279708,561361,21294,,100,7/26/2011 15:40,0.0,,United Kingdom,Invalid Description (missing for Quantity > 0)
279753,561365,84595E,,10,7/26/2011 15:44,0.0,,United Kingdom,Invalid Description (missing for Quantity > 0)
280323,561392,79161A,,15,7/27/2011 10:09,0.0,,United Kingdom,Invalid Description (missing for Quantity > 0)
280654,561477,40046A,,20,7/27/2011 13:30,0.0,,United Kingdom,Invalid Description (missing for Quantity > 0)
280660,561483,77079,,4,7/27/2011 13:40,0.0,,United Kingdom,Invalid Description (missing for Quantity > 0)
280746,561490,21275,,3,7/27/2011 13:54,0.0,,United Kingdom,Invalid Description (missing for Quantity > 0)
280751,561495,79336,,36,7/27/2011 14:06,0.0,,United Kingdom,Invalid Description (missing for Quantity > 0)
280753,561497,21609,,38,7/27/2011 14:09,0.0,,United Kingdom,Invalid Description (missing for Quantity > 0)
280755,561499,72709,,52,7/27/2011 14:11,0.0,,United Kingdom,Invalid Description (missing for Quantity > 0)
281617,561565,35965,,18,7/28/2011 10:23,0.0,,United Kingdom,Invalid Description (missing for Quantity > 0)
282651,561652,84847,,2,7/28/2011 15:50,0.0,,United Kingdom,Invalid Description (missing for Quantity > 0)
282819,561660,22502,,1,7/28/2011 16:18,0.0,,United Kingdom,Invalid Description (missing for Quantity > 0)
282883,561666,22502,,30,7/28/2011 16:59,0.0,,United Kingdom,Invalid Description (missing for Quantity > 0)
282935,561673,23134,,107,7/28/2011 17:20,0.0,,United Kingdom,Invalid Description (missing for Quantity > 0)
282936,561674,21445,,1,7/28/2011 17:20,0.0,,United Kingdom,Invalid Description (missing for Quantity > 0)
283864,561812,84944,,8,7/29/2011 15:25,0.0,,United Kingdom,Invalid Description (missing for Quantity > 0)
288156,562134,22722,,1,8/3/2011 9:50,0.0,,United Kingdom,Invalid Description (missing for Quantity > 0)
288157,562135,84847,,1,8/3/2011 9:50,0.0,,United Kingdom,Invalid Description (missing for Quantity > 0)
288968,562215,21147,,100,8/3/2011 13:45,0.0,,United Kingdom,Invalid Description (missing for Quantity > 0)
294421,562714,22501,,64,8/8/2011 15:23,0.0,,United Kingdom,Invalid Description (missing for Quantity > 0)
297437,562945,79000,,425,8/11/2011 9:35,0.0,,United Kingdom,Invalid Description (missing for Quantity > 0)
299513,563101,22084,,1,8/12/2011 10:07,0.0,,United Kingdom,Invalid Description (missing for Quantity > 0)
299514,563102,21359,,1,8/12/2011 10:07,0.0,,United Kingdom,Invalid Description (missing for Quantity > 0)
299544,563105,22194,,2,8/12/2011 10:15,0.0,,United Kingdom,Invalid Description (missing for Quantity > 0)
299545,563106,21658,,3,8/12/2011 10:15,0.0,,United Kingdom,Invalid Description (missing for Quantity > 0)
299550,563108,21033,,37,8/12/2011 10:18,0.0,,United Kingdom,Invalid Description (missing for Quantity > 0)
301887,563359,23084,,20,8/15/2011 14:56,0.0,,United Kingdom,Invalid Description (missing for Quantity > 0)
302792,563445,85049D,,1,8/16/2011 14:18,0.0,,United Kingdom,Invalid Description (missing for Quantity > 0)
302794,563447,21033,,50,8/16/2011 14:25,0.0,,United Kingdom,Invalid Description (missing for Quantity > 0)
302822,563449,85152,,2,8/16/2011 14:28,0.0,,United Kingdom,Invalid Description (missing for Quantity > 0)
302845,563452,21033,,12,8/16/2011 14:34,0.0,,United Kingdom,Invalid Description (missing for Quantity > 0)
304304,563568,20774,,12,8/17/2011 14:45,0.0,,United Kingdom,Invalid Description (missing for Quantity > 0)
305608,563701,85106,,20,8/18/2011 13:55,0.0,,United Kingdom,Invalid Description (missing for Quantity > 0)
305609,563702,85107,,65,8/18/2011 13:55,0.0,,United Kingdom,Invalid Description (missing for Quantity > 0)
310907,564220,20684,,1,8/24/2011 9:34,0.0,,United Kingdom,Invalid Description (missing for Quantity > 0)
313701,564533,23348,,100,8/25/2011 15:09,0.0,,United Kingdom,Invalid Description (missing for Quantity > 0)
314369,564633,23084,,400,8/26/2011 12:14,0.0,,United Kingdom,Invalid Description (missing for Quantity > 0)
314574,564644,82583,,5,8/26/2011 13:35,0.0,,United Kingdom,Invalid Description (missing for Quantity > 0)
317500,564761,gift_0001_30,,30,8/30/2011 10:48,0.0,,United Kingdom,Invalid Description (missing for Quantity > 0)
317501,564762,gift_0001_10,,30,8/30/2011 10:48,0.0,,United Kingdom,Invalid Description (missing for Quantity > 0)
319896,564915,21673,,26,8/31/2011 12:41,0.0,,United Kingdom,Invalid Description (missing for Quantity > 0)
319897,564916,22157,,31,8/31/2011 12:42,0.0,,United Kingdom,Invalid Description (missing for Quantity > 0)
319898,564917,79000,,245,8/31/2011 12:42,0.0,,United Kingdom,Invalid Description (missing for Quantity > 0)
319899,564918,16046,,21,8/31/2011 12:42,0.0,,United Kingdom,Invalid Description (missing for Quantity > 0)
319900,564919,23284,,8,8/31/2011 12:43,0.0,,United Kingdom,Invalid Description (missing for Quantity > 0)
319901,564920,48116,,8,8/31/2011 12:43,0.0,,United Kingdom,Invalid Description (missing for Quantity > 0)
319902,564921,85214,,6,8/31/2011 12:43,0.0,,United Kingdom,Invalid Description (missing for Quantity > 0)
319903,564922,22084,,5,8/31/2011 12:43,0.0,,United Kingdom,Invalid Description (missing for Quantity > 0)
319904,564923,21868,,2,8/31/2011 12:44,0.0,,United Kingdom,Invalid Description (missing for Quantity > 0)
319905,564924,21272,,1,8/31/2011 12:44,0.0,,United Kingdom,Invalid Description (missing for Quantity > 0)
319906,564925,21662,,1,8/31/2011 12:45,0.0,,United Kingdom,Invalid Description (missing for Quantity > 0)
319907,564926,22968,,9,8/31/2011 12:45,0.0,,United Kingdom,Invalid Description (missing for Quantity > 0)
319908,564927,23175,,2,8/31/2011 12:45,0.0,,United Kingdom,Invalid Description (missing for Quantity > 0)
319909,564928,35966,,1,8/31/2011 12:46,0.0,,United Kingdom,Invalid Description (missing for Quantity > 0)
319910,564929,37501,,1,8/31/2011 12:46,0.0,,United Kingdom,Invalid Description (missing for Quantity > 0)
320577,565043,22171,,8,8/31/2011 17:01,0.0,,United Kingdom,Invalid Description (missing for Quantity > 0)
320587,565047,21257,,7,8/31/2011 17:04,0.0,,United Kingdom,Invalid Description (missing for Quantity > 0)
320694,565070,85032D,,171,8/31/2011 17:18,0.0,,United Kingdom,Invalid Description (missing for Quantity > 0)
320707,565081,21067,,1,9/1/2011 9:03,0.0,,United Kingdom,Invalid Description (missing for Quantity > 0)
323564,565319,23348,,225,9/2/2011 13:07,0.0,,United Kingdom,Invalid Description (missing for Quantity > 0)
323870,565368,21784,,1,9/2/2011 14:59,0.0,,United Kingdom,Invalid Description (missing for Quantity > 0)
323871,565369,37342,,1,9/2/2011 15:02,0.0,,United Kingdom,Invalid Description (missing for Quantity > 0)
323875,565376,21682,,144,9/2/2011 15:10,0.0,,United Kingdom,Invalid Description (missing for Quantity > 0)
326549,565543,22502,,8,9/5/2011 12:07,0.0,,United Kingdom,Invalid Description (missing for Quantity > 0)
326550,565544,84989A,,1,9/5/2011 12:09,0.0,,United Kingdom,Invalid Description (missing for Quantity > 0)
326551,565545,20973,,1,9/5/2011 12:09,0.0,,United Kingdom,Invalid Description (missing for Quantity > 0)
326552,565556,POST,,750,9/5/2011 12:14,0.0,,United Kingdom,Invalid Description (missing for Quantity > 0)
328645,565797,47570B,,1,9/7/2011 10:15,0.0,,United Kingdom,Invalid Description (missing for Quantity > 0)
328646,565798,85232D,,1,9/7/2011 10:15,0.0,,United Kingdom,Invalid Description (missing for Quantity > 0)
332405,566065,84660C,,1,9/8/2011 16:14,0.0,,United Kingdom,Invalid Description (missing for Quantity > 0)
336309,566316,23306,,682,9/12/2011 10:07,0.0,,United Kingdom,Invalid Description (missing for Quantity > 0)
336410,566323,22035,,1,9/12/2011 12:02,0.0,,United Kingdom,Invalid Description (missing for Quantity > 0)
338022,566493,23284,,1,9/13/2011 10:52,0.0,,United Kingdom,Invalid Description (missing for Quantity > 0)
339441,566593,22035,,18,9/13/2011 14:59,0.0,,United Kingdom,Invalid Description (missing for Quantity > 0)
340225,566615,23084,,344,9/13/2011 17:30,0.0,,United Kingdom,Invalid Description (missing for Quantity > 0)
341595,566762,85232D,,143,9/14/2011 17:35,0.0,,United Kingdom,Invalid Description (missing for Quantity > 0)
342995,566924,79163,,15,9/15/2011 15:17,0.0,,United Kingdom,Invalid Description (missing for Quantity > 0)
344381,567056,22050,,25,9/16/2011 11:39,0.0,,United Kingdom,Invalid Description (missing for Quantity > 0)
344436,567064,23135,,27,9/16/2011 11:51,0.0,,United Kingdom,Invalid Description (missing for Quantity > 0)
345181,567151,35815P,,34,9/16/2011 15:51,0.0,,United Kingdom,Invalid Description (missing for Quantity > 0)
346849,567207,35592T,,4,9/19/2011 11:01,0.0,,United Kingdom,Invalid Description (missing for Quantity > 0)
346850,567208,35597D,,2,9/19/2011 11:01,0.0,,United Kingdom,Invalid Description (missing for Quantity > 0)
347747,567335,35965,,6,9/19/2011 14:55,0.0,,United Kingdom,Invalid Description (missing for Quantity > 0)
347758,567337,35965,,5,9/19/2011 14:56,0.0,,United Kingdom,Invalid Description (missing for Quantity > 0)
348029,567371,22084,,7,9/20/2011 9:24,0.0,,United Kingdom,Invalid Description (missing for Quantity > 0)
352731,567680,23284,,4,9/21/2011 16:17,0.0,,United Kingdom,Invalid Description (missing for Quantity > 0)
354121,567863,35598A,,8,9/22/2011 14:03,0.0,,United Kingdom,Invalid Description (missing for Quantity > 0)
356449,568053,90209C,,3,9/23/2011 12:44,0.0,,United Kingdom,Invalid Description (missing for Quantity > 0)
357357,568085,84912A,,2,9/23/2011 14:39,0.0,,United Kingdom,Invalid Description (missing for Quantity > 0)
357372,568092,23134,,1,9/23/2011 14:42,0.0,,United Kingdom,Invalid Description (missing for Quantity > 0)
357645,568102,35911A,,20,9/23/2011 15:34,0.0,,United Kingdom,Invalid Description (missing for Quantity > 0)
361642,568365,84663A,,30,9/26/2011 15:45,0.0,,United Kingdom,Invalid Description (missing for Quantity > 0)
363133,568544,84921,,5,9/27/2011 14:33,0.0,,United Kingdom,Invalid Description (missing for Quantity > 0)
363156,568548,21830,,240,9/27/2011 14:40,0.0,,United Kingdom,Invalid Description (missing for Quantity > 0)
369672,569083,23084,,3,9/30/2011 11:56,0.0,,United Kingdom,Invalid Description (missing for Quantity > 0)
370298,569135,21349,,5,9/30/2011 14:20,0.0,,United Kingdom,Invalid Description (missing for Quantity > 0)
374535,569375,22829,,3,10/3/2011 16:29,0.0,,United Kingdom,Invalid Description (missing for Quantity > 0)
374541,569381,84660A,,15,10/3/2011 16:44,0.0,,United Kingdom,Invalid Description (missing for Quantity > 0)
375309,569458,20984,,58,10/4/2011 11:31,0.0,,United Kingdom,Invalid Description (missing for Quantity > 0)
376201,569517,23084,,14,10/4/2011 14:14,0.0,,United Kingdom,Invalid Description (missing for Quantity > 0)
376880,569540,21586,,96,10/4/2011 16:05,0.0,,United Kingdom,Invalid Description (missing for Quantity > 0)
376881,569541,21587,,48,10/4/2011 16:06,0.0,,United Kingdom,Invalid Description (missing for Quantity > 0)
378023,569578,23084,,5,10/5/2011 11:06,0.0,,United Kingdom,Invalid Description (missing for Quantity > 0)
379232,569681,84944,,25,10/5/2011 14:31,0.0,,United Kingdom,Invalid Description (missing for Quantity > 0)
381842,569895,23348,,420,10/6/2011 15:55,0.0,,United Kingdom,Invalid Description (missing for Quantity > 0)
382659,569924,22837,,9,10/6/2011 17:44,0.0,,United Kingdom,Invalid Description (missing for Quantity > 0)
382660,569925,21067,,6,10/6/2011 17:45,0.0,,United Kingdom,Invalid Description (missing for Quantity > 0)
382661,569926,35815P,,6,10/6/2011 17:45,0.0,,United Kingdom,Invalid Description (missing for Quantity > 0)
382662,569927,22171,,9,10/6/2011 17:45,0.0,,United Kingdom,Invalid Description (missing for Quantity > 0)
382663,569928,22062,,16,10/6/2011 17:49,0.0,,United Kingdom,Invalid Description (missing for Quantity > 0)
382664,569929,22084,,2,10/6/2011 17:50,0.0,,United Kingdom,Invalid Description (missing for Quantity > 0)
382665,569930,35914,,2,10/6/2011 17:50,0.0,,United Kingdom,Invalid Description (missing for Quantity > 0)
382666,569931,37370,,18,10/6/2011 17:50,0.0,,United Kingdom,Invalid Description (missing for Quantity > 0)
382678,569933,84849D,,101,10/6/2011 17:51,0.0,,United Kingdom,Invalid Description (missing for Quantity > 0)
382679,569934,85049D,,1,10/6/2011 17:51,0.0,,United Kingdom,Invalid Description (missing for Quantity > 0)
382680,569935,90209B,,1,10/6/2011 17:52,0.0,,United Kingdom,Invalid Description (missing for Quantity > 0)
382689,569937,90209C,,1,10/6/2011 17:52,0.0,,United Kingdom,Invalid Description (missing for Quantity > 0)
382778,569947,22062,,20,10/6/2011 18:20,0.0,,United Kingdom,Invalid Description (missing for Quantity > 0)
383328,570015,21394,,42,10/7/2011 9:56,0.0,,United Kingdom,Invalid Description (missing for Quantity > 0)
383650,570065,22688,,2,10/7/2011 11:07,0.0,,United Kingdom,Invalid Description (missing for Quantity > 0)
384392,570120,22570,,6,10/7/2011 12:49,0.0,,United Kingdom,Invalid Description (missing for Quantity > 0)
385468,570198,47504K,,72,10/7/2011 15:50,0.0,,United Kingdom,Invalid Description (missing for Quantity > 0)
387139,570261,35933,,10,10/10/2011 10:00,0.0,,United Kingdom,Invalid Description (missing for Quantity > 0)
387141,570263,23412,,2,10/10/2011 10:00,0.0,,United Kingdom,Invalid Description (missing for Quantity > 0)
388712,570451,37467,,15,10/10/2011 15:15,0.0,,United Kingdom,Invalid Description (missing for Quantity > 0)
390426,570518,23268,,4,10/11/2011 10:41,0.0,,United Kingdom,Invalid Description (missing for Quantity > 0)
390427,570519,21244,,5,10/11/2011 10:42,0.0,,United Kingdom,Invalid Description (missing for Quantity > 0)
390428,570520,23412,,2,10/11/2011 10:43,0.0,,United Kingdom,Invalid Description (missing for Quantity > 0)
390976,570645,84247E,,24,10/11/2011 12:44,0.0,,United Kingdom,Invalid Description (missing for Quantity > 0)
392672,570709,21098,,19,10/12/2011 10:13,0.0,,United Kingdom,Invalid Description (missing for Quantity > 0)
392673,570710,21918,,10,10/12/2011 10:13,0.0,,United Kingdom,Invalid Description (missing for Quantity > 0)
394096,570868,21311,,96,10/12/2011 16:18,0.0,,United Kingdom,Invalid Description (missing for Quantity > 0)
394097,570869,79164,,36,10/12/2011 16:21,0.0,,United Kingdom,Invalid Description (missing for Quantity > 0)
395154,571016,84596G,,288,10/13/2011 12:17,0.0,,United Kingdom,Invalid Description (missing for Quantity > 0)
395786,571042,23306,,48,10/13/2011 13:04,0.0,,United Kingdom,Invalid Description (missing for Quantity > 0)
397706,571198,21190,,48,10/14/2011 12:16,0.0,,United Kingdom,Invalid Description (missing for Quantity > 0)
398622,571249,23084,,6,10/14/2011 16:25,0.0,,United Kingdom,Invalid Description (missing for Quantity > 0)
401997,571460,46775D,,6,10/17/2011 14:06,0.0,,United Kingdom,Invalid Description (missing for Quantity > 0)
404391,571674,23702,,100,10/18/2011 13:22,0.0,,United Kingdom,Invalid Description (missing for Quantity > 0)
404759,571688,22149,,46,10/18/2011 14:24,0.0,,United Kingdom,Invalid Description (missing for Quantity > 0)
405967,571718,21801,,5,10/18/2011 17:29,0.0,,United Kingdom,Invalid Description (missing for Quantity > 0)
405968,571719,22729,,7,10/18/2011 17:29,0.0,,United Kingdom,Invalid Description (missing for Quantity > 0)
405969,571720,85211,,3,10/18/2011 17:29,0.0,,United Kingdom,Invalid Description (missing for Quantity > 0)
405970,571721,21738,,2,10/18/2011 17:30,0.0,,United Kingdom,Invalid Description (missing for Quantity > 0)
405971,571722,22062,,1,10/18/2011 17:30,0.0,,United Kingdom,Invalid Description (missing for Quantity > 0)
406072,571731,21911,,1,10/19/2011 9:51,0.0,,United Kingdom,Invalid Description (missing for Quantity > 0)
411896,572239,84247E,,1,10/21/2011 15:15,0.0,,United Kingdom,Invalid Description (missing for Quantity > 0)
415319,572537,37327,,2,10/24/2011 16:09,0.0,,United Kingdom,Invalid Description (missing for Quantity > 0)
415320,572539,79030D,,13,10/24/2011 16:10,0.0,,United Kingdom,Invalid Description (missing for Quantity > 0)
418096,572694,35810B,,12,10/25/2011 14:21,0.0,,United Kingdom,Invalid Description (missing for Quantity > 0)
418128,572700,72818,,1,10/25/2011 14:26,0.0,,United Kingdom,Invalid Description (missing for Quantity > 0)
418350,572716,22829,,2,10/25/2011 14:46,0.0,,United Kingdom,Invalid Description (missing for Quantity > 0)
418524,572731,35914,,2,10/25/2011 15:20,0.0,,United Kingdom,Invalid Description (missing for Quantity > 0)
424305,573256,85135A,,12,10/28/2011 12:19,0.0,,United Kingdom,Invalid Description (missing for Quantity > 0)
428617,573488,23400,,1,10/31/2011 11:47,0.0,,United Kingdom,Invalid Description (missing for Quantity > 0)
435062,574073,23579,,3,11/2/2011 15:15,0.0,,United Kingdom,Invalid Description (missing for Quantity > 0)
436351,574101,22180,,1,11/3/2011 10:27,0.0,,United Kingdom,Invalid Description (missing for Quantity > 0)
436422,574133,21071,,1,11/3/2011 11:00,0.0,,United Kingdom,Invalid Description (missing for Quantity > 0)
440210,574518,21174,,63,11/4/2011 13:42,0.0,,United Kingdom,Invalid Description (missing for Quantity > 0)
446550,574904,85017B,,11,11/7/2011 15:28,0.0,,United Kingdom,Invalid Description (missing for Quantity > 0)
453998,575505,POST,,800,11/10/2011 10:29,0.0,,United Kingdom,Invalid Description (missing for Quantity > 0)
453999,575506,C2,,150,11/10/2011 10:30,0.0,,United Kingdom,Invalid Description (missing for Quantity > 0)
454169,575513,35965,,7,11/10/2011 10:39,0.0,,United Kingdom,Invalid Description (missing for Quantity > 0)
464522,576110,35965,,5,11/14/2011 10:33,0.0,,United Kingdom,Invalid Description (missing for Quantity > 0)
464971,576192,22827,,4,11/14/2011 11:57,0.0,,United Kingdom,Invalid Description (missing for Quantity > 0)
465889,576258,22812,,11,11/14/2011 14:17,0.0,,United Kingdom,Invalid Description (missing for Quantity > 0)
465993,576299,21181,,16,11/14/2011 14:38,0.0,,United Kingdom,Invalid Description (missing for Quantity > 0)
466074,576302,22812,,46,11/14/2011 14:41,0.0,,United Kingdom,Invalid Description (missing for Quantity > 0)
466894,576336,21809,,16,11/14/2011 15:26,0.0,,United Kingdom,Invalid Description (missing for Quantity > 0)
468231,576404,22687,,18,11/15/2011 11:09,0.0,,United Kingdom,Invalid Description (missing for Quantity > 0)
468304,576431,22688,,15,11/15/2011 11:26,0.0,,United Kingdom,Invalid Description (missing for Quantity > 0)
468528,576509,21868,,144,11/15/2011 12:03,0.0,,United Kingdom,Invalid Description (missing for Quantity > 0)
468590,576517,22121,,17,11/15/2011 12:25,0.0,,United Kingdom,Invalid Description (missing for Quantity > 0)
468762,576547,21809,,56,11/15/2011 12:54,0.0,,United Kingdom,Invalid Description (missing for Quantity > 0)
469138,576585,84247E,,22,11/15/2011 14:17,0.0,,United Kingdom,Invalid Description (missing for Quantity > 0)
469474,576594,21394,,1,11/15/2011 14:55,0.0,,United Kingdom,Invalid Description (missing for Quantity > 0)
471147,576619,21054,,1,11/15/2011 17:01,0.0,,United Kingdom,Invalid Description (missing for Quantity > 0)
471148,576620,16207A,,1,11/15/2011 17:02,0.0,,United Kingdom,Invalid Description (missing for Quantity > 0)
472006,576662,22570,,1,11/16/2011 11:19,0.0,,United Kingdom,Invalid Description (missing for Quantity > 0)
472945,576777,22121,,4,11/16/2011 13:23,0.0,,United Kingdom,Invalid Description (missing for Quantity > 0)
480030,577251,72802C,,1,11/18/2011 12:18,0.0,,United Kingdom,Invalid Description (missing for Quantity > 0)
480178,577264,85125,,3,11/18/2011 12:32,0.0,,United Kingdom,Invalid Description (missing for Quantity > 0)
480179,577265,23268,,2,11/18/2011 12:33,0.0,,United Kingdom,Invalid Description (missing for Quantity > 0)
480500,577306,72817,,12,11/18/2011 13:06,0.0,,United Kingdom,Invalid Description (missing for Quantity > 0)
481106,577339,15060B,,9,11/18/2011 14:57,0.0,,United Kingdom,Invalid Description (missing for Quantity > 0)
481107,577340,22570,,40,11/18/2011 14:57,0.0,,United Kingdom,Invalid Description (missing for Quantity > 0)
485501,577608,35400,,5,11/21/2011 9:22,0.0,,United Kingdom,Invalid Description (missing for Quantity > 0)
489197,577956,21145,,3,11/22/2011 12:10,0.0,,United Kingdom,Invalid Description (missing for Quantity > 0)
489199,577961,23268,,2,11/22/2011 12:11,0.0,,United Kingdom,Invalid Description (missing for Quantity > 0)
489200,577964,37489A,,2,11/22/2011 12:11,0.0,,United Kingdom,Invalid Description (missing for Quantity > 0)
489201,577966,85045,,2,11/22/2011 12:12,0.0,,United Kingdom,Invalid Description (missing for Quantity > 0)
489202,577968,85135B,,2,11/22/2011 12:12,0.0,,United Kingdom,Invalid Description (missing for Quantity > 0)
489203,577970,85135A,,4,11/22/2011 12:12,0.0,,United Kingdom,Invalid Description (missing for Quantity > 0)
489204,577971,22606,,1,11/22/2011 12:12,0.0,,United Kingdom,Invalid Description (missing for Quantity > 0)
489205,577972,84663A,,1,11/22/2011 12:13,0.0,,United Kingdom,Invalid Description (missing for Quantity > 0)
495917,578336,23579,,1,11/24/2011 9:06,0.0,,United Kingdom,Invalid Description (missing for Quantity > 0)
495918,578337,23348,,1,11/24/2011 9:07,0.0,,United Kingdom,Invalid Description (missing for Quantity > 0)
495919,578338,22125,,1,11/24/2011 9:07,0.0,,United Kingdom,Invalid Description (missing for Quantity > 0)
495929,578340,22568,,8,11/24/2011 9:07,0.0,,United Kingdom,Invalid Description (missing for Quantity > 0)
497301,578360,84971L,,2,11/24/2011 10:36,0.0,,United Kingdom,Invalid Description (missing for Quantity > 0)
497677,578456,22579,,11,11/24/2011 12:29,0.0,,United Kingdom,Invalid Description (missing for Quantity > 0)
499156,578628,23541,,20,11/24/2011 15:55,0.0,,United Kingdom,Invalid Description (missing for Quantity > 0)
499157,578629,22943,,24,11/24/2011 15:56,0.0,,United Kingdom,Invalid Description (missing for Quantity > 0)
499169,578632,22579,,4,11/24/2011 16:22,0.0,,United Kingdom,Invalid Description (missing for Quantity > 0)
499787,578693,21811,,1,11/25/2011 9:38,0.0,,United Kingdom,Invalid Description (missing for Quantity > 0)
508796,579272,22812,,2,11/29/2011 10:00,0.0,,United Kingdom,Invalid Description (missing for Quantity > 0)
511451,579500,22810,,33,11/29/2011 16:14,0.0,,United Kingdom,Invalid Description (missing for Quantity > 0)
514651,579738,21927,,8,11/30/2011 14:26,0.0,,United Kingdom,Invalid Description (missing for Quantity > 0)
516189,579880,22947,,5,11/30/2011 17:14,0.0,,United Kingdom,Invalid Description (missing for Quantity > 0)
519967,580197,22696,,6,12/2/2011 12:04,0.0,,United Kingdom,Invalid Description (missing for Quantity > 0)
524473,580580,21804,,10,12/5/2011 10:33,0.0,,United Kingdom,Invalid Description (missing for Quantity > 0)
524475,580588,21808,,5,12/5/2011 10:35,0.0,,United Kingdom,Invalid Description (missing for Quantity > 0)
529667,580743,47591B,,1,12/6/2011 9:30,0.0,,United Kingdom,Invalid Description (missing for Quantity > 0)
533711,581102,21803,,20,12/7/2011 11:57,0.0,,United Kingdom,Invalid Description (missing for Quantity > 0)
533712,581103,22689,,4,12/7/2011 11:58,0.0,,United Kingdom,Invalid Description (missing for Quantity > 0)
535326,581203,23406,,15,12/7/2011 18:31,0.0,,United Kingdom,Invalid Description (missing for Quantity > 0)
535332,581209,21620,,6,12/7/2011 18:35,0.0,,United Kingdom,Invalid Description (missing for Quantity > 0)
536981,581234,72817,,27,12/8/2011 10:33,0.0,,United Kingdom,Invalid Description (missing for Quantity > 0)
538554,581408,85175,,20,12/8/2011 14:06,0.0,,United Kingdom,Invalid Description (missing for Quantity > 0)
5,536365,22752,SET 7 BABUSHKA NESTING BOXES,2,oof,7.65,17850,United Kingdom,Date time is invalid 
6,536365,21730,GLASS STAR FROSTED T-LIGHT HOLDER,6,12/1/2010 8:26,4.25,oooog,United Kingdom,invalid customerID
